Time (ms), Raw speed error (mV), Raw speed (mrad/s), Reference (mV), Control output (mV)
01, 3000, 0, 3000, 0
49, 1987, 1869, 3000, 3110
100, 2066, 1725, 3000, 3214
149, 2045, 1763, 3000, 3276
199, 2048, 1757, 3000, 3326
249, 2011, 1826, 3000, 3376
299, 2001, 1844, 3000, 3410
349, 2011, 1826, 3000, 3452
399, 1977, 1888, 3000, 3525
449, 1949, 1940, 3000, 3548
499, 1949, 1940, 3000, 3580
551, 1931, 1974, 3000, 3612
599, 1915, 2002, 3000, 3654
649, 1892, 2046, 3000, 3688
699, 1892, 2046, 3000, 3751
749, 1854, 2116, 3000, 3787
799, 1845, 2132, 3000, 3848
850, 1871, 2084, 3000, 3838
899, 1832, 2156, 3000, 3908
949, 1814, 2190, 3000, 3942
999, 1804, 2207, 3000, 3966
1049, 1785, 2243, 3000, 4010
1099, 1770, 2270, 3000, 4045
1150, 1760, 2288, 3000, 4074
1199, 1745, 2317, 3000, 4117
1249, 1734, 2336, 3000, 4214
1299, 1729, 2346, 3000, 4199
1349, 1707, 2386, 3000, 4274
1399, 1702, 2396, 3000, 4297
1450, 1674, 2448, 3000, 4354
1500, 1668, 2459, 3000, 4392
1549, 1668, 2459, 3000, 4414
1599, 1656, 2481, 3000, 4433
1650, 1632, 2525, 3000, 4496
1699, 1632, 2525, 3000, 4484
1749, 1606, 2572, 3000, 4529
1799, 1587, 2608, 3000, 4582
1849, 1574, 2632, 3000, 4634
1899, 1593, 2596, 3000, 4656
1949, 1560, 2657, 3000, 4678
2000, 1525, 2722, 3000, 4687
2049, 1540, 2695, 3000, 4769
2099, 1533, 2708, 3000, 4768
2149, 1533, 2708, 3000, 4818
2199, 1496, 2775, 3000, 4835
2249, 1474, 2817, 3000, 4884
2300, 1458, 2846, 3000, 4900
2349, 1458, 2846, 3000, 4913
2399, 1442, 2875, 3000, 4985
2449, 1434, 2890, 3000, 4934
2499, 1434, 2890, 3000, 5056
2549, 1410, 2935, 3000, 5028
2601, 1401, 2951, 3000, 5090
2649, 1401, 2951, 3000, 5109
2699, 1384, 2982, 3000, 5131
2750, 1384, 2982, 3000, 5177
2799, 1384, 2982, 3000, 5195
2849, 1349, 3047, 3000, 5240
2901, 1331, 3081, 3000, 5284
2949, 1340, 3064, 3000, 5286
2999, 1312, 3115, 3000, 5315
3050, 1303, 3132, 3000, 5374
3099, 1303, 3132, 3000, 5375
3149, 1283, 3168, 3000, 5403
3201, 1274, 3186, 3000, 5430
3249, 1254, 3222, 3000, 5472
3299, 1264, 3204, 3000, 5487
3350, 1254, 3222, 3000, 5483
3399, 1254, 3222, 3000, 5539
3449, 1234, 3260, 3000, 5565
3500, 1234, 3260, 3000, 5588
3549, 1223, 3279, 3000, 5646
3599, 1192, 3337, 3000, 5638
3650, 1202, 3318, 3000, 5677
3699, 1181, 3357, 3000, 5683
3750, 1181, 3357, 3000, 5722
3800, 1170, 3378, 3000, 5710
3849, 1170, 3378, 3000, 5748
3899, 1125, 3461, 3000, 5804
3950, 1147, 3419, 3000, 5842
3999, 1147, 3419, 3000, 5828
4050, 1101, 3504, 3000, 5837
4099, 1101, 3504, 3000, 5866
4149, 1125, 3461, 3000, 5903
4199, 1101, 3504, 3000, 5975
4249, 1065, 3571, 3000, 5975
4299, 1053, 3594, 3000, 5956
4350, 1040, 3617, 3000, 5962
4400, 1014, 3665, 3000, 5959
4449, 1040, 3617, 3000, 6044
4499, 1040, 3617, 3000, 6078
4549, 1065, 3641, 3000, 6137
4599, 988, 3713, 3000, 6057
4652, 1040, 3617, 3000, 6148
4699, 988, 3713, 3000, 6157
4749, 988, 3689, 3000, 6156
4799, 1014, 3665, 3000, 6229
4851, 974, 3738, 3000, 6223
4899, 988, 3713, 3000, 6255
4949, 974, 3738, 3000, 6266
4999, 961, 3763, 3000, 6278
5051, 947, 3788, 3000, 6288
5099, 933, 3814, 3000, 6340
5150, 933, 3814, 3000, 6308
5201, 947, 3788, 3000, 6338
5249, 919, 3840, 3000, 6411
5299, 905, 3840, 3000, 6378
5350, 890, 3894, 3000, 6429
5400, 919, 3840, 3000, 6459
5450, 919, 3840, 3000, 6356
5500, 845, 3976, 3000, 6431
5549, 919, 3840, 3000, 6505
5600, 905, 3867, 3000, 6533
5650, 875, 3921, 3000, 6538
5699, 890, 3894, 3000, 6567
5749, 875, 3921, 3000, 6640
5800, 875, 3921, 3000, 6578
5850, 830, 4005, 3000, 6606
5899, 830, 4005, 3000, 6564
5949, 845, 3976, 3000, 6615
5999, 814, 4034, 3000, 6667
6049, 814, 4034, 3000, 6694
6100, 782, 4093, 3000, 6697
6149, 830, 4005, 3000, 6699
6199, 798, 4063, 3000, 6701
6249, 766, 4123, 3000, 6751
6299, 798, 4063, 3000, 6753
6349, 798, 4063, 3000, 6779
6400, 782, 4093, 3000, 6756
6449, 766, 4123, 3000, 6755
6499, 814, 4034, 3000, 6779
6549, 766, 4123, 3000, 6832
6599, 750, 4153, 3000, 6829
6649, 782, 4093, 3000, 6881
6699, 698, 4248, 3000, 6905
6749, 766, 4123, 3000, 6929
6799, 715, 4216, 3000, 6954
6849, 733, 4184, 3000, 6977
6899, 750, 4153, 3000, 6923
6950, 681, 4280, 3000, 6919
6999, 663, 4313, 3000, 6969
7049, 715, 4216, 3000, 6965
7099, 681, 4280, 3000, 7039
7149, 681, 4280, 3000, 7089
7199, 681, 4280, 3000, 6979
7250, 698, 4248, 3000, 7029
7299, 715, 4216, 3000, 7024
7349, 681, 4280, 3000, 7073
7399, 681, 4280, 3000, 7122
7449, 698, 4248, 3000, 7116
7499, 663, 4313, 3000, 7083
7550, 681, 4280, 3000, 7132
7599, 645, 4346, 3000, 7153
7649, 608, 4415, 3000, 7174
7699, 663, 4313, 3000, 7167
7749, 645, 4346, 3000, 7161
7799, 627, 4380, 3000, 7181
7850, 645, 4346, 3000, 7201
7899, 589, 4450, 3000, 7275
7949, 627, 4380, 3000, 7181
7999, 608, 4415, 3000, 7342
8049, 589, 4450, 3000, 7250
8099, 608, 4415, 3000, 7300
8149, 608, 4415, 3000, 7346
8199, 589, 4450, 3000, 7308
8249, 569, 4486, 3000, 7297
8299, 550, 4522, 3000, 7259
8349, 589, 4450, 3000, 7307
8400, 589, 4450, 3000, 7326
8449, 569, 4486, 3000, 7344
8499, 550, 4522, 3000, 7389
8549, 550, 4522, 3000, 7317
8599, 550, 4522, 3000, 7368
8649, 509, 4596, 3000, 7353
8700, 530, 4558, 3000, 7434
8749, 550, 4522, 3000, 7508
8799, 530, 4558, 3000, 7468
8849, 530, 4558, 3000, 7422
8899, 509, 4596, 3000, 7503
8949, 530, 4558, 3000, 7489
9000, 509, 4596, 3000, 7506
9049, 550, 4522, 3000, 7523
9099, 489, 4634, 3000, 7540
9149, 509, 4596, 3000, 7523
9199, 509, 4596, 3000, 7509
9249, 489, 4634, 3000, 7555
9300, 509, 4596, 3000, 7571
9349, 489, 4634, 3000, 7587
9399, 468, 4672, 3000, 7603
9450, 509, 4596, 3000, 7588
9499, 447, 4712, 3000, 7573
9549, 489, 4634, 3000, 7618
9601, 468, 4672, 3000, 7604
9649, 468, 4672, 3000, 7619
9699, 489, 4634, 3000, 7664
9750, 468, 4672, 3000, 7649
9799, 468, 4672, 3000, 7694
9849, 447, 4712, 3000, 7546
9900, 447, 4712, 3000, 7692
9949, 447, 4712, 3000, 7640
9999, 468, 4672, 3000, 7687
10049, 468, 4672, 3000, 7701
10099, 447, 4712, 3000, 7716
10150, 425, 4752, 3000, 7664
10199, 403, 4792, 3000, 7743
10250, 447, 4712, 3000, 7724
10299, 380, 4834, 3000, 7738
10349, 468, 4672, 3000, 7751
10399, 403, 4792, 3000, 7732
10451, 425, 4752, 3000, 7781
10499, 380, 4834, 3000, 7825
10549, 447, 4712, 3000, 7804
10599, 403, 4792, 3000, 7718
10649, 403, 4792, 3000, 7797
10699, 380, 4752, 3000, 7779
10750, 380, 4834, 3000, 7792
10799, 425, 4752, 3000, 7868
10849, 403, 4792, 3000, 7850
10899, 358, 4876, 3000, 7796
10949, 403, 4792, 3000, 7841
10999, 380, 4834, 3000, 7853
11049, 447, 4712, 3000, 7862
11101, 403, 4792, 3000, 7877
11151, 380, 4834, 3000, 7820
11199, 358, 4876, 3000, 7795
11249, 380, 4834, 3000, 7771
11301, 380, 4834, 3000, 7855
11351, 335, 4918, 3000, 7866
11399, 358, 4876, 3000, 7842
11449, 358, 4876, 3000, 7853
11500, 403, 4792, 3000, 7936
11550, 380, 4834, 3000, 7947
11601, 358, 4876, 3000, 7922
11650, 335, 4918, 3000, 8002
11699, 287, 5006, 3000, 7980
11750, 311, 4962, 3000, 7918
11800, 358, 4876, 3000, 7928
11849, 358, 4876, 3000, 8011
11900, 238, 5097, 3000, 7985
11950, 311, 4962, 3000, 7923
12000, 287, 5006, 3000, 8042
12049, 238, 5097, 3000, 8052
12099, 311, 4962, 3000, 7953
12150, 335, 4918, 3000, 8035
12200, 335, 4918, 3000, 8010
12249, 358, 4876, 3000, 8020
12299, 263, 5051, 3000, 8030
12350, 311, 4962, 3000, 8039
12399, 311, 4962, 3000, 8013
12449, 335, 4918, 3000, 8094
12500, 311, 4962, 3000, 8068
12549, 287, 5006, 3000, 8077
12600, 311, 4962, 3000, 8014
12649, 263, 5051, 3000, 8095
12699, 311, 4962, 3000, 8068
12749, 287, 5006, 3000, 8005
12800, 238, 5097, 3000, 8122
12849, 311, 4962, 3000, 8095
12899, 287, 5006, 3000, 8032
12949, 263, 5051, 3000, 8077
12999, 263, 5051, 3000, 8121
13049, 263, 5051, 3000, 8130
13099, 263, 5051, 3000, 8139
13149, 287, 5006, 3000, 8111
13200, 263, 5051, 3000, 8120
13249, 311, 4962, 3000, 8092
13299, 263, 5051, 3000, 8172
13350, 287, 5006, 3000, 8030
13399, 238, 5097, 3000, 8189
13449, 238, 5097, 3000, 8197
13499, 263, 5051, 3000, 8133
13549, 238, 5097, 3000, 8141
13599, 263, 5051, 3000, 8185
13650, 263, 5051, 3000, 8193
13699, 238, 5097, 3000, 8164
13749, 263, 5051, 3000, 8094
13800, 287, 5006, 3000, 8180
13849, 238, 5097, 3000, 8188
13899, 238, 5097, 3000, 8231
13950, 212, 5144, 3000, 8202
13999, 212, 5144, 3000, 8170
14049, 311, 4962, 3000, 8177
14099, 287, 5006, 3000, 8146
14150, 238, 5097, 3000, 8267
14199, 212, 5144, 3000, 8200
14250, 238, 5097, 3000, 8129
14299, 287, 5006, 3000, 8253
14349, 212, 5144, 3000, 8260
14399, 212, 5144, 3000, 8228
14449, 238, 5097, 3000, 8274
14499, 160, 5240, 3000, 8353
14549, 212, 5144, 3000, 8248
14599, 212, 5144, 3000, 8216
14649, 133, 5290, 3000, 8261
14699, 212, 5144, 3000, 8189
14750, 212, 5144, 3000, 8313
14800, 212, 5144, 3000, 8241
14849, 212, 5144, 3000, 8248
14899, 186, 5192, 3000, 8294
14949, 212, 5144, 3000, 8339
14999, 212, 5144, 3000, 8346
15049, 186, 5192, 3000, 8313
15100, 186, 5192, 3000, 8319
15149, 212, 5144, 3000, 8365
15199, 238, 5097, 3000, 8332
15249, 212, 5144, 3000, 8338
15299, 212, 5144, 3000, 8305
15349, 212, 5144, 3000, 8350
15400, 160, 5240, 3000, 8395
15449, 263, 5051, 3000, 8362
15499, 212, 5144, 3000, 8368
15549, 160, 5240, 3000, 8335
15599, 186, 5192, 3000, 8340
15649, 186, 5192, 3000, 8385
15701, 186, 5192, 3000, 8391
15749, 186, 5192, 3000, 8318
15799, 186, 5192, 3000, 8363
15849, 186, 5192, 3000, 8446
15899, 160, 5240, 3000, 8334
15949, 186, 5192, 3000, 8259
16000, 186, 5192, 3000, 8303
16050, 186, 5192, 3000, 8389
16099, 160, 5240, 3000, 8395
16149, 160, 5240, 3000, 8478
16199, 186, 5192, 3000, 8405
16249, 160, 5240, 3000, 8371
16299, 238, 5097, 3000, 8376
16349, 160, 5240, 3000, 8459
16400, 186, 5192, 3000, 8386
16449, 160, 5240, 3000, 8430
16499, 50, 5444, 3000, 8396
16550, 106, 5340, 3000, 8440
16599, 133, 5290, 3000, 8406
16649, 186, 5192, 3000, 8411
16700, 212, 5144, 3000, 8494
16749, 160, 5240, 3000, 8421
16799, 160, 5240, 3000, 8426
16850, 133, 5290, 3000, 8430
16899, 133, 5290, 3000, 8434
16949, 133, 5290, 3000, 8397
16999, 186, 5192, 3000, 8443
17049, 160, 5240, 3000, 8367
17099, 106, 5192, 3000, 8371
17150, 133, 5240, 3000, 8415
17199, 106, 5340, 3000, 8380
17249, 133, 5290, 3000, 8424
17299, 133, 5290, 3000, 8428
17351, 133, 5290, 3000, 8474
17400, 133, 5290, 3000, 8517
17449, 160, 5240, 3000, 8483
17499, 160, 5240, 3000, 8486
17549, 133, 5290, 3000, 8409
17599, 186, 5290, 3000, 8534
17650, 133, 5290, 3000, 8499
17701, 133, 5290, 3000, 8503
17751, 160, 5240, 3000, 8507
17799, 212, 5144, 3000, 8430
17850, 133, 5290, 3000, 8474
17900, 133, 5290, 3000, 8519
17950, 133, 5290, 3000, 8481
18000, 186, 5192, 3000, 8527
18050, 106, 5340, 3000, 8450
18100, 79, 5391, 3000, 8534
18150, 133, 5290, 3000, 8496
18199, 186, 5192, 3000, 8500
18249, 133, 5290, 3000, 8464
18301, 160, 5240, 3000, 8506
18350, 106, 5340, 3000, 8552
18399, 106, 5340, 3000, 8514
18449, 106, 5340, 3000, 8560
18500, 133, 5290, 3000, 8482
18549, 106, 5340, 3000, 8567
18600, 106, 5340, 3000, 8447
18649, 160, 5240, 3000, 8451
18700, 106, 5340, 3000, 8496
18749, 133, 5290, 3000, 8539
18799, 160, 5240, 3000, 8460
18849, 79, 5391, 3000, 8544
18900, 133, 5290, 3000, 8547
18949, 106, 5340, 3000, 8551
18999, 106, 5340, 3000, 8554
19050, 79, 5391, 3000, 8477
19099, 106, 5340, 3000, 8560
19149, 106, 5340, 3000, 8524
19199, 106, 5340, 3000, 8566
19249, 133, 5290, 3000, 8530
19299, 106, 5340, 3000, 8491
19349, 133, 5290, 3000, 8575
19399, 106, 5340, 3000, 8579
19449, 133, 5290, 3000, 8582
19499, 79, 5391, 3000, 8547
19549, 160, 5240, 3000, 8508
19599, 106, 5340, 3000, 8592
19650, 106, 5340, 3000, 8514
19699, 106, 5340, 3000, 8640
19750, 133, 5290, 3000, 8601
19799, 133, 5290, 3000, 8565
19849, 79, 5391, 3000, 8568
19899, 133, 5290, 3000, 8529
19949, 133, 5290, 3000, 8655
20000, 79, 5391, 3000, 8577
20050, 133, 5290, 3000, 8661
20099, 106, 5340, 3000, 8583
20149, 50, 5444, 3000, 8544
20199, 106, 5340, 3000, 8588
20249, 79, 5391, 3000, 8591
20299, 133, 5290, 3000, 8551
20350, 106, 5340, 3000, 8554
20399, 106, 5340, 3000, 8598
20449, 106, 5340, 3000, 8558
20499, 50, 5444, 3000, 8560
20549, 79, 5391, 3000, 8520
20600, 79, 5391, 3000, 8606
20650, 106, 5340, 3000, 8525
20699, 106, 5340, 3000, 8527
20749, 79, 5391, 3000, 8652
20799, 79, 5391, 3000, 8574
20849, 160, 5240, 3000, 8618
20899, 79, 5391, 3000, 8621
20949, 50, 5444, 3000, 8581
20999, 79, 5391, 3000, 8746
21049, 133, 5290, 3000, 8627
21099, -8, 5551, 3000, 8588
21149, 106, 5340, 3000, 8590
21200, 133, 5290, 3000, 8634
21249, 50, 5444, 3000, 8718
21299, 79, 5391, 3000, 8639
21350, 106, 5340, 3000, 8600
21399, 133, 5290, 3000, 8602
21449, 50, 5444, 3000, 8646
21500, 79, 5391, 3000, 8518
21549, 106, 5340, 3000, 8607
21599, 50, 5444, 3000, 8652
21649, 50, 5444, 3000, 8654
21699, 106, 5340, 3000, 8614
21749, 106, 5340, 3000, 8573
21800, 79, 5391, 3000, 8575
21850, 50, 5444, 3000, 8661
21899, 79, 5391, 3000, 8579
21949, 106, 5340, 3000, 8581
21999, 79, 5391, 3000, 8584
22049, 79, 5391, 3000, 8540
22101, 21, 5497, 3000, 8671
22149, 21, 5497, 3000, 8589
22199, 160, 5240, 3000, 8590
22249, 106, 5340, 3000, 8592
22299, 50, 5444, 3000, 8679
22350, 50, 5444, 3000, 8680
22399, 50, 5444, 3000, 8598
22449, 133, 5290, 3000, 8600
22499, 106, 5340, 3000, 8557
22549, 79, 5391, 3000, 8645
22600, 79, 5391, 3000, 8689
22649, 21, 5497, 3000, 8607
22700, 50, 5444, 3000, 8651
22749, 79, 5391, 3000, 8565
22799, 106, 5340, 3000, 8654
22849, 106, 5340, 3000, 8656
22899, 79, 5391, 3000, 8658
22950, 50, 5444, 3000, 8660
23000, 21, 5497, 3000, 8703
23049, 79, 5391, 3000, 8705
23102, 106, 5340, 3000, 8577
23149, 50, 5444, 3000, 8624
23199, 133, 5290, 3000, 8748
23250, 50, 5444, 3000, 8711
23299, 79, 5391, 3000, 8670
23349, 79, 5391, 3000, 8672
23399, 21, 5444, 3000, 8586
23449, 21, 5497, 3000, 8588
23499, 50, 5444, 3000, 8634
23551, 79, 5391, 3000, 8678
23599, 106, 5340, 3000, 8722
23649, 50, 5444, 3000, 8723
23699, 106, 5340, 3000, 8724
23749, 106, 5340, 3000, 8684
23800, 21, 5497, 3000, 8685
23851, 50, 5444, 3000, 8686
23900, 50, 5444, 3000, 8646
23949, 21, 5497, 3000, 8648
24000, 21, 5497, 3000, 8691
24050, 50, 5444, 3000, 8650
24101, 21, 5497, 3000, 8652
24150, 50, 5444, 3000, 8608
24199, 21, 5497, 3000, 8610
24250, 21, 5497, 3000, 8611
24300, 79, 5391, 3000, 8612
24349, 106, 5340, 3000, 8658
24400, 79, 5391, 3000, 8614
24450, 79, 5391, 3000, 8660
24500, 106, 5340, 3000, 8662
24549, 21, 5497, 3000, 8705
24599, 79, 5391, 3000, 8706
24649, 50, 5444, 3000, 8750
24700, 79, 5391, 3000, 8667
24749, 106, 5340, 3000, 8668
24799, 79, 5391, 3000, 8712
24850, 106, 5340, 3000, 8671
24899, 106, 5340, 3000, 8715
24949, 50, 5444, 3000, 8716
25000, 79, 5391, 3000, 8717
25049, 79, 5391, 3000, 8676
25099, 79, 5391, 3000, 8677
25149, 79, 5391, 3000, 8633
25199, 79, 5391, 3000, 8634
25249, -8, 5551, 3000, 8635
25300, 21, 5497, 3000, 8637
25349, 21, 5497, 3000, 8637
25399, 21, 5497, 3000, 8639
25449, 50, 5444, 3000, 8685
25500, 21, 5497, 3000, 8641
25549, 21, 5497, 3000, 8687
25600, 50, 5444, 3000, 8643
25649, 21, 5497, 3000, 8689
25699, 21, 5497, 3000, 8732
25749, 79, 5391, 3000, 8733
25799, 79, 5391, 3000, 8692
25849, 79, 5391, 3000, 8777
25900, 21, 5497, 3000, 8737
25949, 106, 5340, 3000, 8737
25999, 50, 5444, 3000, 8738
26049, 79, 5391, 3000, 8652
26099, 106, 5340, 3000, 8653
26151, 50, 5444, 3000, 8654
26199, 50, 5444, 3000, 8655
26249, -8, 5551, 3000, 8656
26299, 21, 5497, 3000, 8657
26349, -8, 5551, 3000, 8658
26399, 50, 5444, 3000, 8704
26450, 21, 5497, 3000, 8705
26499, 50, 5444, 3000, 8661
26550, 21, 5497, 3000, 8791
26599, 79, 5391, 3000, 8749
26649, 79, 5391, 3000, 8751
26699, 79, 5391, 3000, 8664
26750, 50, 5444, 3000, 8665
26799, -8, 5551, 3000, 8666
26849, 21, 5497, 3000, 8667
26899, 21, 5497, 3000, 8668
26950, 21, 5497, 3000, 8756
26999, 50, 5444, 3000, 8799
27050, 50, 5444, 3000, 8716
27099, 50, 5444, 3000, 8801
27149, 79, 5391, 3000, 8717
27199, 79, 5391, 3000, 8718
27249, 21, 5497, 3000, 8674
27299, 21, 5497, 3000, 8675
27349, -39, 5607, 3000, 8721
27399, 50, 5444, 3000, 8763
27449, 79, 5391, 3000, 8677
27499, 50, 5444, 3000, 8765
27549, 50, 5444, 3000, 8679
27601, 50, 5444, 3000, 8680
27649, 21, 5497, 3000, 8680
27699, -8, 5551, 3000, 8727
27749, 21, 5497, 3000, 8770
27799, 50, 5444, 3000, 8813
27849, 79, 5391, 3000, 8729
27900, 50, 5444, 3000, 8730
27949, -8, 5551, 3000, 8686
28000, 21, 5497, 3000, 8732
28049, 21, 5497, 3000, 8733
28099, 79, 5391, 3000, 8775
28149, 50, 5444, 3000, 8689
28200, 50, 5444, 3000, 8690
28250, -8, 5551, 3000, 8691
28299, 21, 5497, 3000, 8601
28349, 21, 5497, 3000, 8779
28399, 21, 5497, 3000, 8737
28449, 79, 5391, 3000, 8738
28500, 79, 5391, 3000, 8739
28549, 21, 5497, 3000, 8694
28599, 21, 5497, 3000, 8695
28650, 50, 5444, 3000, 8825
28699, 21, 5497, 3000, 8741
28749, 79, 5391, 3000, 8742
28799, 50, 5444, 3000, 8697
28849, 50, 5444, 3000, 8698
28899, -8, 5551, 3000, 8699
28949, 50, 5444, 3000, 8745
28999, 79, 5391, 3000, 8700
29051, 106, 5340, 3000, 8831
29099, 21, 5497, 3000, 8702
29149, 21, 5497, 3000, 8703
29199, 21, 5497, 3000, 8749
29249, 50, 5444, 3000, 8750
29299, 21, 5497, 3000, 8705
29350, 21, 5497, 3000, 8705
29399, -39, 5607, 3000, 8706
29449, 21, 5497, 3000, 8751
29499, 50, 5444, 3000, 8836
29549, 79, 5391, 3000, 8795
29599, -8, 5551, 3000, 8708
29650, 50, 5444, 3000, 8755
29699, 50, 5444, 3000, 8755
29749, 79, 5391, 3000, 8798
29799, -8, 5551, 3000, 8711
29850, -8, 5551, 3000, 8712
29899, 50, 5444, 3000, 8842
29951, 50, 5444, 3000, 8800
30001, 79, 5391, 3000, 8758
30049, -8, 5551, 3000, 8623
30099, 50, 5497, 3000, 8759
30150, 106, 5340, 3000, 8760
30200, 79, 5391, 3000, 8715
30251, 50, 5444, 3000, 8716
30300, 21, 5497, 3000, 8717
30350, 79, 5391, 3000, 8762
30400, 50, 5444, 3000, 8718
30450, -8, 5551, 3000, 8719
30499, 50, 5444, 3000, 8764
30550, 50, 5444, 3000, 8720
30600, -8, 5551, 3000, 8721
30650, 21, 5497, 3000, 8767
30699, 50, 5444, 3000, 8722
30749, -8, 5551, 3000, 8722
30800, 50, 5444, 3000, 8723
30850, 21, 5497, 3000, 8723
30899, 50, 5444, 3000, 8723
30949, -8, 5551, 3000, 8724
30999, 21, 5497, 3000, 8770
31049, 50, 5444, 3000, 8812
31100, -8, 5551, 3000, 8725
31150, 21, 5497, 3000, 8726
31199, 50, 5444, 3000, 8813
31249, -8, 5551, 3000, 8772
31299, 21, 5497, 3000, 8727
31349, -8, 5551, 3000, 8728
31400, 50, 5444, 3000, 8773
31449, 79, 5391, 3000, 8728
31499, 21, 5497, 3000, 8729
31550, -8, 5551, 3000, 8730
31599, 50, 5444, 3000, 8817
31649, 50, 5444, 3000, 8776
31700, -8, 5551, 3000, 8731
31749, 21, 5497, 3000, 8732
31799, 50, 5444, 3000, 8862
31849, 50, 5444, 3000, 8732
31899, -8, 5551, 3000, 8733
31949, 21, 5497, 3000, 8863
31999, 21, 5497, 3000, 8779
32049, 21, 5497, 3000, 8735
32100, 21, 5497, 3000, 8822
32149, 79, 5391, 3000, 8822
32199, 50, 5444, 3000, 8736
32249, -8, 5551, 3000, 8736
32299, 21, 5497, 3000, 8782
32349, 79, 5391, 3000, 8782
32399, 21, 5497, 3000, 8738
32449, 21, 5497, 3000, 8783
32499, 106, 5340, 3000, 8784
32550, 50, 5444, 3000, 8739
32599, -8, 5551, 3000, 8740
32649, 79, 5391, 3000, 8785
32699, 50, 5444, 3000, 8740
32750, 50, 5444, 3000, 8741
32799, 21, 5497, 3000, 8742
32850, 50, 5444, 3000, 8829
32899, 50, 5444, 3000, 8742
32949, -8, 5551, 3000, 8743
33000, 21, 5497, 3000, 8789
33049, 50, 5444, 3000, 8744
33099, -39, 5607, 3000, 8745
33150, 50, 5444, 3000, 8790
33199, 50, 5444, 3000, 8746
33250, 21, 5497, 3000, 8746
33299, 50, 5444, 3000, 8834
33349, 50, 5444, 3000, 8747
33399, 21, 5497, 3000, 8793
33450, 106, 5340, 3000, 8793
33499, 21, 5497, 3000, 8748
33549, 21, 5497, 3000, 8749
33599, 50, 5444, 3000, 8749
33650, 50, 5444, 3000, 8749
33699, 21, 5497, 3000, 8750
33749, 79, 5391, 3000, 8750
33799, -8, 5551, 3000, 8615
33849, -8, 5551, 3000, 8750
33899, 50, 5444, 3000, 8795
33949, 21, 5497, 3000, 8750
34000, 21, 5497, 3000, 8795
34050, 50, 5444, 3000, 8837
34099, 50, 5444, 3000, 8751
34149, 21, 5497, 3000, 8751
34199, 21, 5497, 3000, 8796
34249, 21, 5497, 3000, 8752
34300, 79, 5391, 3000, 8797
34349, 21, 5497, 3000, 8752
34399, 21, 5497, 3000, 8753
34449, 106, 5340, 3000, 8753
34499, 21, 5497, 3000, 8753
34549, 21, 5497, 3000, 8753
34600, 79, 5391, 3000, 8799
34649, 21, 5497, 3000, 8663
34700, -8, 5551, 3000, 8754
34749, 79, 5391, 3000, 8799
34799, -8, 5551, 3000, 8755
34849, -8, 5551, 3000, 8800
34900, 79, 5391, 3000, 8755
34949, 21, 5497, 3000, 8665
34999, -8, 5551, 3000, 8756
35049, 79, 5391, 3000, 8801
35099, 21, 5497, 3000, 8666
35149, -8, 5551, 3000, 8757
35200, 79, 5391, 3000, 8844
35249, 21, 5497, 3000, 8667
35300, 21, 5497, 3000, 8803
35349, 106, 5340, 3000, 8803
35399, -8, 5551, 3000, 8668
35449, 21, 5497, 3000, 8759
35499, 106, 5340, 3000, 8804
35549, -8, 5551, 3000, 8624
35599, 21, 5497, 3000, 8760
35649, 21, 5497, 3000, 8805
35699, -8, 5551, 3000, 8760
35750, 50, 5444, 3000, 8806
35799, 21, 5497, 3000, 8761
35849, -39, 5607, 3000, 8848
35899, 50, 5444, 3000, 8848
35949, 21, 5497, 3000, 8762
35999, -8, 5551, 3000, 8763
36051, 21, 5497, 3000, 8762
36099, -8, 5551, 3000, 8763
36149, 21, 5497, 3000, 8763
36199, -8, 5551, 3000, 8673
36250, -8, 5551, 3000, 8893
36299, 21, 5497, 3000, 8764
36351, -39, 5607, 3000, 8765
36401, 50, 5444, 3000, 8809
36449, 21, 5497, 3000, 8852
36500, -8, 5551, 3000, 8766
36550, 21, 5497, 3000, 8852
36600, -8, 5551, 3000, 8766
36650, 50, 5444, 3000, 8766
36700, 50, 5444, 3000, 8811
36750, -8, 5551, 3000, 8767
36800, 21, 5497, 3000, 8767
36849, -8, 5551, 3000, 8677
36899, 21, 5497, 3000, 8767
36950, 50, 5444, 3000, 8767
37000, -39, 5607, 3000, 8768
37049, 21, 5497, 3000, 8813
37099, 50, 5444, 3000, 8768
37150, -8, 5551, 3000, 8768
37200, 21, 5497, 3000, 8814
37249, 21, 5497, 3000, 8678
37299, -39, 5607, 3000, 8769
37350, 50, 5444, 3000, 8813
37399, 21, 5497, 3000, 8768
37449, -39, 5607, 3000, 8769
37500, 50, 5444, 3000, 8856
37549, 21, 5497, 3000, 8770
37599, 50, 5444, 3000, 8770
37649, 50, 5444, 3000, 8679
37699, -8, 5551, 3000, 8770
37750, 79, 5391, 3000, 8815
37800, 21, 5497, 3000, 8680
37849, 21, 5497, 3000, 8816
37899, 79, 5391, 3000, 8816
37949, -8, 5551, 3000, 8772
37999, 50, 5444, 3000, 8817
38049, 21, 5497, 3000, 8772
38100, 21, 5497, 3000, 8818
38150, 50, 5444, 3000, 8817
38199, -8, 5551, 3000, 8773
38249, 21, 5497, 3000, 8861
38299, 21, 5497, 3000, 8773
38349, 21, 5497, 3000, 8774
38400, 50, 5444, 3000, 8819
38449, 21, 5497, 3000, 8773
38499, 21, 5497, 3000, 8774
38550, 21, 5497, 3000, 8819
38599, -8, 5551, 3000, 8774
38649, 50, 5444, 3000, 8819
38699, 21, 5497, 3000, 8775
38749, 21, 5497, 3000, 8775
38799, 79, 5391, 3000, 8820
38849, -8, 5551, 3000, 8776
38899, 21, 5497, 3000, 8776
38950, 21, 5497, 3000, 8776
38999, 21, 5497, 3000, 8821
39049, -8, 5551, 3000, 8776
39099, -39, 5607, 3000, 8777
39149, 50, 5444, 3000, 8863
39200, 21, 5497, 3000, 8776
39250, 21, 5497, 3000, 8777
39299, 50, 5444, 3000, 8822
39349, -8, 5551, 3000, 8777
39399, 50, 5444, 3000, 8777
39449, -39, 5607, 3000, 8778
39499, 79, 5391, 3000, 8778
39550, 50, 5444, 3000, 8778
39600, -39, 5607, 3000, 8779
39649, 50, 5444, 3000, 8823
39699, -8, 5551, 3000, 8778
39749, 50, 5444, 3000, 8824
39799, 106, 5340, 3000, 8778
39851, -8, 5551, 3000, 8779
39899, 106, 5340, 3000, 8866
39949, -8, 5551, 3000, 8644
40000, 21, 5497, 3000, 8824
40049, 50, 5444, 3000, 8779
40099, -8, 5551, 3000, 8779
40149, 21, 5497, 3000, 8779
40199, -8, 5551, 3000, 8780
40249, 21, 5497, 3000, 8825
40299, 21, 5497, 3000, 8779
40349, -39, 5607, 3000, 8825
40400, 50, 5444, 3000, 8867
40449, -39, 5607, 3000, 8780
40499, 50, 5444, 3000, 8780
40549, 21, 5497, 3000, 8780
40599, -8, 5551, 3000, 8781
40649, 79, 5391, 3000, 8826
40700, -8, 5551, 3000, 8781
40749, -8, 5551, 3000, 8827
40800, -8, 5551, 3000, 8782
40849, 21, 5497, 3000, 8827
40899, 21, 5497, 3000, 8782
40949, 50, 5444, 3000, 8783
41000, 50, 5444, 3000, 8828
41050, 21, 5497, 3000, 8784
41099, 21, 5497, 3000, 8783
41149, -8, 5551, 3000, 8783
41200, 50, 5444, 3000, 8783
41249, 50, 5444, 3000, 8783
41300, -8, 5551, 3000, 8784
41349, 21, 5497, 3000, 8784
41399, 21, 5497, 3000, 8784
41449, 21, 5497, 3000, 8830
41499, 21, 5497, 3000, 8785
41553, -8, 5551, 3000, 8830
41599, 79, 5391, 3000, 8830
41649, -8, 5551, 3000, 8695
41699, 50, 5444, 3000, 8830
41749, 50, 5444, 3000, 8830
41799, 21, 5497, 3000, 8785
41849, 21, 5497, 3000, 8785
41899, 21, 5497, 3000, 8786
41949, -8, 5551, 3000, 8786
41999, 21, 5497, 3000, 8786
42049, -39, 5607, 3000, 8696
42099, 21, 5497, 3000, 8786
42150, 50, 5444, 3000, 8695
42199, 21, 5497, 3000, 8786
42249, 21, 5497, 3000, 8786
42299, -39, 5607, 3000, 8696
42351, 50, 5444, 3000, 8873
42399, 21, 5497, 3000, 8786
42451, 21, 5497, 3000, 8787
42501, 50, 5444, 3000, 8873
42549, -8, 5551, 3000, 8832
42599, 21, 5497, 3000, 8787
42650, 21, 5497, 3000, 8787
42700, 21, 5497, 3000, 8787
42751, 50, 5444, 3000, 8788
42800, -8, 5551, 3000, 8788
42850, 21, 5497, 3000, 8788
42900, -8, 5551, 3000, 8788
42950, 79, 5391, 3000, 8834
42999, 21, 5497, 3000, 8698
43050, 21, 5497, 3000, 8789
43100, -8, 5551, 3000, 8789
43150, -8, 5551, 3000, 8789
43199, 21, 5497, 3000, 8789
43249, 21, 5497, 3000, 8789
43301, -8, 5551, 3000, 8919
43350, 50, 5444, 3000, 8789
43399, -39, 5607, 3000, 8790
43449, 50, 5444, 3000, 8834
43499, -39, 5607, 3000, 8699
43549, 79, 5391, 3000, 8876
43600, -8, 5551, 3000, 8699
43650, -8, 5551, 3000, 8789
43699, 21, 5497, 3000, 8789
43749, 50, 5444, 3000, 8789
43799, -8, 5551, 3000, 8699
43849, -8, 5551, 3000, 8699
43900, 79, 5391, 3000, 8834
43949, -8, 5551, 3000, 8699
43999, -8, 5551, 3000, 8789
44049, 50, 5444, 3000, 8789
44099, -8, 5551, 3000, 8835
44149, 50, 5444, 3000, 8789
44201, -39, 5607, 3000, 8790
44249, -39, 5607, 3000, 8877
44299, -8, 5551, 3000, 8789
44349, 50, 5444, 3000, 8789
44399, 21, 5497, 3000, 8654
44449, -8, 5551, 3000, 8835
44500, 50, 5444, 3000, 8790
44549, 21, 5497, 3000, 8835
44600, 21, 5497, 3000, 8790
44649, 21, 5497, 3000, 8790
44699, 50, 5444, 3000, 8789
44749, -8, 5551, 3000, 8699
44800, 50, 5444, 3000, 8918
44849, -39, 5607, 3000, 8699
44899, 21, 5497, 3000, 8834
44949, 21, 5497, 3000, 8789
44999, 21, 5497, 3000, 8789
45049, -8, 5551, 3000, 8790
45099, 21, 5497, 3000, 8790
45149, 79, 5391, 3000, 8834
45199, -8, 5551, 3000, 8790
45250, -8, 5551, 3000, 8790
45299, -39, 5607, 3000, 8790
45350, 50, 5444, 3000, 8835
45399, -8, 5551, 3000, 8699
45449, 50, 5444, 3000, 8835
45499, 21, 5497, 3000, 8699
45549, -8, 5551, 3000, 8790
45599, 79, 5391, 3000, 8834
45651, -8, 5551, 3000, 8834
45699, 21, 5497, 3000, 8834
45749, -8, 5551, 3000, 8789
45800, 21, 5497, 3000, 8877
45849, 50, 5444, 3000, 8789
45899, -39, 5607, 3000, 8789
45950, 21, 5497, 3000, 8876
45999, -8, 5551, 3000, 8789
46050, 50, 5444, 3000, 8789
46099, 21, 5497, 3000, 8789
46149, -8, 5551, 3000, 8789
46200, 21, 5497, 3000, 8834
46250, -8, 5551, 3000, 8699
46299, -8, 5551, 3000, 8835
46349, -8, 5551, 3000, 8699
46399, -8, 5551, 3000, 8835
46449, -8, 5551, 3000, 8790
46499, 21, 5497, 3000, 8790
46549, 21, 5497, 3000, 8789
46600, -8, 5551, 3000, 8835
46649, 21, 5497, 3000, 8790
46699, -39, 5607, 3000, 8790
46749, 50, 5444, 3000, 8835
46800, -39, 5607, 3000, 8790
46849, 79, 5391, 3000, 8835
46899, -8, 5551, 3000, 8790
46949, 21, 5497, 3000, 8790
47000, -8, 5551, 3000, 8790
47049, 50, 5444, 3000, 8877
47100, -39, 5607, 3000, 8791
47149, 50, 5444, 3000, 8835
47199, -8, 5551, 3000, 8700
47249, 21, 5497, 3000, 8790
47299, -39, 5607, 3000, 8699
47349, 21, 5497, 3000, 8834
47401, 21, 5497, 3000, 8789
47449, -39, 5607, 3000, 8789
47500, 50, 5444, 3000, 8834
47549, -8, 5551, 3000, 8789
47599, 21, 5497, 3000, 8789
47649, 50, 5444, 3000, 8834
47700, -8, 5551, 3000, 8789
47749, 21, 5497, 3000, 8789
47799, -39, 5607, 3000, 8654
47849, 21, 5497, 3000, 8789
47899, 50, 5444, 3000, 8788
47949, 21, 5497, 3000, 8789
48000, 50, 5444, 3000, 8877
48049, 21, 5497, 3000, 8790
48102, 21, 5497, 3000, 8835
48149, -8, 5551, 3000, 8790
48199, 21, 5497, 3000, 8790
48249, -39, 5607, 3000, 8791
48299, -8, 5551, 3000, 8835
48351, -8, 5551, 3000, 8790
48399, 79, 5391, 3000, 8877
48449, -8, 5551, 3000, 8790
48499, 21, 5497, 3000, 8790
48551, 50, 5444, 3000, 8791
48599, -8, 5551, 3000, 8790
48649, -8, 5551, 3000, 8791
48699, 50, 5444, 3000, 8836
48750, -8, 5551, 3000, 8836
48800, 50, 5444, 3000, 8791
48851, -8, 5551, 3000, 8791
48900, 21, 5497, 3000, 8791
48949, -8, 5551, 3000, 8791
49000, 50, 5444, 3000, 8791
49050, -39, 5607, 3000, 8791
49100, 21, 5497, 3000, 8835
49150, -8, 5551, 3000, 8700
49199, -8, 5551, 3000, 8835
49250, -39, 5607, 3000, 8700
49300, -8, 5551, 3000, 8790
49349, 21, 5497, 3000, 8789
49399, 21, 5497, 3000, 8789
49451, 21, 5497, 3000, 8789
49500, -39, 5607, 3000, 8790
49549, 50, 5444, 3000, 8835
49599, -8, 5551, 3000, 8790
49649, 79, 5391, 3000, 8790
49699, -39, 5607, 3000, 8790
49749, 50, 5444, 3000, 8789
49799, 21, 5497, 3000, 8790
49850, -8, 5551, 3000, 8835
49899, -8, 5551, 3000, 8700
49949, 21, 5497, 3000, 8790
50001, -8, 5551, 3000, 8790
50049, -8, 5551, 3000, 8835
50099, -39, 5607, 3000, 8790
50149, 21, 5497, 3000, 8835
50199, -39, 5607, 3000, 8700
50249, -8, 5551, 3000, 8790
50300, -69, 5664, 3000, 8789
50349, -8, 5551, 3000, 8835
50400, 21, 5497, 3000, 8789
50449, -39, 5607, 3000, 8790
50499, 50, 5444, 3000, 8834
50549, -8, 5551, 3000, 8789
50600, 79, 5391, 3000, 8789
50649, -8, 5551, 3000, 8699
50699, 21, 5497, 3000, 8790
50749, -39, 5607, 3000, 8789
50799, -39, 5607, 3000, 8835
50849, 50, 5444, 3000, 8788
50900, 21, 5497, 3000, 8789
50949, 21, 5497, 3000, 8918
50999, 21, 5497, 3000, 8789
51050, -8, 5551, 3000, 8835
51099, 21, 5497, 3000, 8835
51149, -8, 5551, 3000, 8835
51199, 50, 5444, 3000, 8834
51249, -8, 5551, 3000, 8789
51299, 21, 5497, 3000, 8789
51349, -8, 5551, 3000, 8790
51399, 50, 5444, 3000, 8789
51451, -39, 5607, 3000, 8790
51499, 50, 5444, 3000, 8789
51549, -8, 5551, 3000, 8789
51599, 21, 5497, 3000, 8789
51649, 50, 5444, 3000, 8789
51699, -39, 5607, 3000, 8877
51750, 50, 5444, 3000, 8835
51799, -8, 5551, 3000, 8790
51849, 106, 5340, 3000, 8835
51899, -8, 5551, 3000, 8654
51949, -8, 5551, 3000, 8790
51999, 21, 5497, 3000, 8699
52050, -8, 5551, 3000, 8919
52100, 50, 5444, 3000, 8789
52149, -8, 5551, 3000, 8790
52199, 50, 5444, 3000, 8834
52250, -39, 5607, 3000, 8699
52299, 50, 5444, 3000, 8834
52350, 21, 5497, 3000, 8789
52399, -8, 5551, 3000, 8790
52449, 50, 5444, 3000, 8789
52499, -8, 5551, 3000, 8789
52549, 21, 5497, 3000, 8834
52599, -8, 5551, 3000, 8788
52651, -8, 5551, 3000, 8788
52699, -8, 5551, 3000, 8789
52749, -39, 5607, 3000, 8789
52799, 21, 5497, 3000, 8876
52849, -8, 5551, 3000, 8698
52899, 21, 5497, 3000, 8789
52949, 50, 5444, 3000, 8834
52999, 21, 5497, 3000, 8789
53050, 21, 5497, 3000, 8789
53099, -39, 5607, 3000, 8789
53149, 50, 5444, 3000, 8834
53200, 21, 5497, 3000, 8789
53249, -69, 5664, 3000, 8789
53300, 50, 5444, 3000, 8834
53349, 21, 5497, 3000, 8789
53399, 50, 5444, 3000, 8789
53449, 50, 5444, 3000, 8698
53500, 21, 5497, 3000, 8789
53549, 50, 5444, 3000, 8833
53599, -8, 5551, 3000, 8698
53649, 50, 5444, 3000, 8788
53700, 79, 5391, 3000, 8788
53749, 21, 5497, 3000, 8834
53800, 50, 5444, 3000, 8788
53849, -8, 5551, 3000, 8789
53899, 21, 5497, 3000, 8876
53949, -8, 5551, 3000, 8789
53999, 21, 5497, 3000, 8835
54049, -8, 5551, 3000, 8789
54099, 21, 5497, 3000, 8790
54149, 21, 5497, 3000, 8789
54199, -8, 5551, 3000, 8789
54249, 21, 5497, 3000, 8789
54299, 21, 5497, 3000, 8790
54349, 50, 5444, 3000, 8835
54399, -8, 5551, 3000, 8790
54449, 79, 5391, 3000, 8877
54499, -39, 5607, 3000, 8700
54549, 21, 5497, 3000, 8790
54599, -8, 5551, 3000, 8790
54649, 21, 5497, 3000, 8835
54700, -8, 5497, 3000, 8789
54749, 21, 5497, 3000, 8790
54799, 50, 5444, 3000, 8835
54851, -39, 5607, 3000, 8790
54900, 79, 5391, 3000, 8789
54950, -39, 5607, 3000, 8699
54999, -8, 5551, 3000, 8834
55049, -8, 5551, 3000, 8789
55100, 50, 5444, 3000, 8834
55150, -8, 5551, 3000, 8789
55200, -8, 5551, 3000, 8790
55251, 79, 5391, 3000, 8789
55300, -8, 5551, 3000, 8790
55350, 21, 5497, 3000, 8699
55400, -69, 5664, 3000, 8699
55450, 50, 5444, 3000, 8834
55499, 21, 5497, 3000, 8789
55550, -8, 5551, 3000, 8789
55600, 21, 5497, 3000, 8834
55650, -8, 5551, 3000, 8790
55699, 79, 5391, 3000, 8789
55749, -39, 5607, 3000, 8699
55800, 50, 5444, 3000, 8789
55850, 21, 5497, 3000, 8789
55899, 21, 5497, 3000, 8789
55949, 50, 5444, 3000, 8789
56000, -8, 5551, 3000, 8789
56049, 21, 5497, 3000, 8919
56099, -39, 5607, 3000, 8699
56149, 21, 5497, 3000, 8789
56200, 21, 5497, 3000, 8789
56249, -8, 5551, 3000, 8790
56299, 50, 5444, 3000, 8834
56349, -8, 5551, 3000, 8789
56400, 21, 5497, 3000, 8835
56449, -39, 5607, 3000, 8790
56499, 50, 5444, 3000, 8835
56549, -39, 5607, 3000, 8790
56600, 21, 5497, 3000, 8790
56649, -39, 5607, 3000, 8700
56700, 21, 5497, 3000, 8835
56749, 21, 5497, 3000, 8789
56799, 79, 5391, 3000, 8790
56849, 50, 5444, 3000, 8699
56899, -8, 5551, 3000, 8790
56949, 79, 5391, 3000, 8835
57001, -8, 5551, 3000, 8878
57049, 50, 5444, 3000, 8789
57099, -8, 5551, 3000, 8790
57149, 50, 5444, 3000, 8789
57199, -8, 5551, 3000, 8699
57249, 21, 5497, 3000, 8789
57300, 21, 5497, 3000, 8789
57349, -8, 5551, 3000, 8789
57400, 21, 5497, 3000, 8789
57449, -8, 5551, 3000, 8699
57499, -8, 5551, 3000, 8789
57550, 50, 5444, 3000, 8789
57599, -39, 5607, 3000, 8654
57649, -8, 5551, 3000, 8834
57699, 21, 5497, 3000, 8789
57749, 50, 5444, 3000, 8834
57799, -8, 5551, 3000, 8699
57849, -8, 5551, 3000, 8790
57899, 21, 5497, 3000, 8789
57950, -8, 5551, 3000, 8790
57999, 50, 5444, 3000, 8790
58049, 79, 5391, 3000, 8790
58099, 21, 5497, 3000, 8790
58150, -8, 5551, 3000, 8790
58199, 50, 5444, 3000, 8654
58249, -39, 5607, 3000, 8835
58299, 50, 5444, 3000, 8789
58349, -39, 5607, 3000, 8790
58399, 21, 5497, 3000, 8876
58450, -8, 5551, 3000, 8698
58499, -8, 5551, 3000, 8789
58549, 50, 5444, 3000, 8834
58599, -39, 5607, 3000, 8789
58649, 21, 5497, 3000, 8789
58699, -8, 5551, 3000, 8789
58751, 21, 5497, 3000, 8790
58799, -39, 5607, 3000, 8700
58849, 21, 5497, 3000, 8835
58899, -8, 5551, 3000, 8790
58949, 21, 5497, 3000, 8790
58999, -8, 5551, 3000, 8699
59050, 21, 5497, 3000, 8835
59099, 50, 5444, 3000, 8699
59150, -39, 5607, 3000, 8790
59199, 50, 5444, 3000, 8876
59249, -8, 5551, 3000, 8789
59301, 106, 5340, 3000, 8789
59349, -39, 5607, 3000, 8699
59399, -8, 5551, 3000, 8790
59449, 50, 5444, 3000, 8789
59499, -8, 5551, 3000, 8834
59550, 50, 5444, 3000, 8789
59600, -39, 5607, 3000, 8789
59649, -8, 5551, 3000, 8876
59699, -8, 5551, 3000, 8789
59749, 21, 5497, 3000, 8789
59799, 21, 5497, 3000, 8699
59849, -8, 5551, 3000, 8790
59900, 50, 5444, 3000, 8789
59950, -8, 5551, 3000, 8789
59999, -8, 5551, 3000, 8789
60049, -8, 5551, 3000, 8789
60100, 21, 5497, 3000, 8790
60149, -8, 5551, 3000, 8790
60203, 79, 5391, 3000, 8790
60249, -69, 5664, 3000, 8790
60299, 21, 5497, 3000, 8834
60349, 50, 5444, 3000, 8789
60402, -39, 5607, 3000, 8790
60449, -8, 5551, 3000, 8789
60499, 21, 5497, 3000, 8790
60549, 50, 5444, 3000, 8834
60599, -8, 5551, 3000, 8789
60649, 21, 5497, 3000, 8789
60699, 21, 5497, 3000, 8789
60749, -8, 5551, 3000, 8789
60799, 21, 5497, 3000, 8789
60849, -39, 5607, 3000, 8698
60899, 50, 5551, 3000, 8834
60949, 21, 5497, 3000, 8789
60999, -8, 5551, 3000, 8790
61051, -8, 5551, 3000, 8789
61099, -8, 5551, 3000, 8789
61149, 21, 5497, 3000, 8834
61199, -8, 5551, 3000, 8699
61250, 21, 5497, 3000, 8789
61300, 50, 5444, 3000, 8789
61351, 21, 5497, 3000, 8789
61401, -8, 5551, 3000, 8789
61449, -69, 5664, 3000, 8699
61500, 21, 5497, 3000, 8789
61550, 50, 5444, 3000, 8789
61600, -39, 5607, 3000, 8789
61650, 21, 5497, 3000, 8834
61700, 21, 5497, 3000, 8789
61750, 50, 5444, 3000, 8789
61800, 21, 5497, 3000, 8698
61849, -8, 5551, 3000, 8789
61899, 50, 5444, 3000, 8789
61950, -39, 5607, 3000, 8789
62000, 106, 5340, 3000, 8789
62049, 21, 5497, 3000, 8789
62099, 21, 5497, 3000, 8876
62150, 21, 5497, 3000, 8699
62199, -39, 5607, 3000, 8789
62250, 50, 5444, 3000, 8876
62299, -8, 5551, 3000, 8698
62349, 21, 5497, 3000, 8789
62399, 21, 5497, 3000, 8789
62449, 21, 5497, 3000, 8789
62499, 21, 5497, 3000, 8834
62549, -8, 5551, 3000, 8789
62599, 21, 5497, 3000, 8790
62649, 21, 5497, 3000, 8789
62699, -8, 5551, 3000, 8790
62749, -8, 5551, 3000, 8789
62800, -8, 5551, 3000, 8790
62849, 50, 5444, 3000, 8834
62900, -8, 5551, 3000, 8790
62949, -8, 5551, 3000, 8790
62999, -8, 5551, 3000, 8790
63050, 50, 5444, 3000, 8789
63100, -8, 5551, 3000, 8790
63149, 50, 5444, 3000, 8790
63199, 21, 5497, 3000, 8877
63249, 50, 5444, 3000, 8699
63299, -39, 5607, 3000, 8790
63349, 21, 5497, 3000, 8835
63400, -69, 5664, 3000, 8790
63449, 50, 5444, 3000, 8876
63499, -39, 5607, 3000, 8700
63550, -8, 5551, 3000, 8835
63599, -39, 5607, 3000, 8700
63649, 21, 5497, 3000, 8834
63700, -39, 5607, 3000, 8789
63749, 50, 5444, 3000, 8789
63799, -8, 5551, 3000, 8790
63849, 21, 5497, 3000, 8790
63899, 21, 5497, 3000, 8699
63949, -8, 5551, 3000, 8699
64000, 50, 5444, 3000, 8834
64049, -8, 5551, 3000, 8789
64099, 79, 5391, 3000, 8789
64149, 21, 5497, 3000, 8699
64200, -8, 5551, 3000, 8789
64249, 79, 5391, 3000, 8834
64299, -8, 5551, 3000, 8834
64349, 50, 5444, 3000, 8835
64399, -39, 5607, 3000, 8790
64449, 50, 5444, 3000, 8834
64499, -39, 5607, 3000, 8790
64550, 50, 5444, 3000, 8835
64600, -8, 5551, 3000, 8700
64649, 21, 5497, 3000, 8790
64699, -39, 5607, 3000, 8700
64749, 50, 5444, 3000, 8834
64799, -8, 5551, 3000, 8699
64850, -8, 5551, 3000, 8789
64899, 50, 5444, 3000, 8789
64949, -8, 5551, 3000, 8789
65000, 21, 5497, 3000, 8789
65049, -100, 5721, 3000, 8789
65099, 50, 5444, 3000, 8834
65150, 50, 5444, 3000, 8789
65199, -8, 5551, 3000, 8789
65250, 21, 5497, 3000, 8834
65299, -8, 5551, 3000, 8789
65349, 79, 5391, 3000, 8789
65400, -8, 5551, 3000, 8699
65450, 21, 5497, 3000, 8834
65499, 50, 5444, 3000, 8789
65549, 21, 5497, 3000, 8789
65599, 50, 5444, 3000, 8834
65649, -8, 5551, 3000, 8789
65699, 21, 5497, 3000, 8919
65749, 21, 5497, 3000, 8698
65799, 21, 5497, 3000, 8788
65849, 21, 5497, 3000, 8833
65899, 21, 5497, 3000, 8697
65949, 21, 5497, 3000, 8788
66000, 50, 5444, 3000, 8788
66050, -8, 5551, 3000, 8788
66099, 50, 5444, 3000, 8875
66149, -8, 5551, 3000, 8607
66200, -8, 5551, 3000, 8833
66249, -8, 5551, 3000, 8789
66300, 50, 5444, 3000, 8834
66349, -39, 5607, 3000, 8789
66399, 21, 5497, 3000, 8789
66449, 21, 5497, 3000, 8698
66499, -8, 5551, 3000, 8789
66549, 21, 5497, 3000, 8789
66600, -69, 5664, 3000, 8653
66649, 21, 5497, 3000, 8833
66699, 50, 5444, 3000, 8698
66752, -8, 5551, 3000, 8698
66799, 79, 5391, 3000, 8875
66849, -8, 5551, 3000, 8789
66900, 21, 5497, 3000, 8876
66949, -39, 5607, 3000, 8699
67001, 50, 5444, 3000, 8789
67049, 21, 5497, 3000, 8789
67099, -8, 5551, 3000, 8789
67149, 106, 5340, 3000, 8789
67199, -8, 5551, 3000, 8790
67251, 21, 5497, 3000, 8789
67301, 21, 5497, 3000, 8790
67349, 21, 5497, 3000, 8877
67399, -8, 5551, 3000, 8699
67451, 21, 5497, 3000, 8789
67501, -8, 5551, 3000, 8789
67549, 21, 5497, 3000, 8790
67599, 21, 5497, 3000, 8789
67650, -69, 5664, 3000, 8790
67700, 50, 5444, 3000, 8789
67751, -8, 5551, 3000, 8789
67800, 79, 5391, 3000, 8834
67850, -8, 5551, 3000, 8699
67900, 50, 5444, 3000, 8789
67950, 50, 5444, 3000, 8789
67999, -8, 5551, 3000, 8789
68050, 21, 5497, 3000, 8789
68100, -8, 5551, 3000, 8789
68150, 21, 5497, 3000, 8834
68199, 21, 5497, 3000, 8788
68249, 50, 5444, 3000, 8789
68300, 50, 5444, 3000, 8789
68350, -8, 5551, 3000, 8790
68399, 50, 5444, 3000, 8789
68449, -8, 5551, 3000, 8789
68499, 21, 5497, 3000, 8834
68549, -39, 5607, 3000, 8789
68599, 50, 5444, 3000, 8834
68650, -39, 5607, 3000, 8789
68699, 21, 5497, 3000, 8789
68749, -39, 5607, 3000, 8789
68799, 21, 5497, 3000, 8834
68849, 50, 5444, 3000, 8789
68901, -69, 5664, 3000, 8790
68949, -8, 5551, 3000, 8835
68999, -8, 5551, 3000, 8790
69049, 106, 5340, 3000, 8834
69099, -8, 5551, 3000, 8698
69149, 21, 5497, 3000, 8789
69200, 50, 5444, 3000, 8788
69249, 21, 5497, 3000, 8789
69299, 21, 5497, 3000, 8833
69349, -39, 5607, 3000, 8789
69399, -8, 5551, 3000, 8876
69449, -8, 5551, 3000, 8698
69500, 21, 5497, 3000, 8834
69550, 21, 5497, 3000, 8789
69599, -39, 5607, 3000, 8834
69649, 21, 5497, 3000, 8789
69699, -8, 5551, 3000, 8699
69749, 21, 5497, 3000, 8789
69800, -69, 5664, 3000, 8699
69849, -8, 5551, 3000, 8876
69899, -8, 5551, 3000, 8789
69950, -8, 5551, 3000, 8790
69999, -8, 5551, 3000, 8789
70049, 21, 5497, 3000, 8789
70100, 50, 5444, 3000, 8789
70149, -39, 5607, 3000, 8789
70199, 50, 5444, 3000, 8957
70249, -8, 5551, 3000, 8789
70299, 79, 5391, 3000, 8834
70349, -8, 5551, 3000, 8699
70400, 21, 5497, 3000, 8835
70449, 50, 5444, 3000, 8789
70499, -8, 5551, 3000, 8877
70549, 21, 5497, 3000, 8789
70600, -8, 5551, 3000, 8789
70649, 21, 5497, 3000, 8877
70699, -39, 5607, 3000, 8789
70749, 21, 5497, 3000, 8789
70799, -8, 5551, 3000, 8790
70849, -39, 5607, 3000, 8790
70899, -8, 5551, 3000, 8699
70950, 21, 5497, 3000, 8789
71000, 21, 5497, 3000, 8789
71049, -39, 5607, 3000, 8790
71099, 21, 5497, 3000, 8789
71149, -39, 5607, 3000, 8699
71199, 21, 5497, 3000, 8789
71251, -8, 5551, 3000, 8789
71299, 21, 5497, 3000, 8835
71349, 50, 5444, 3000, 8789
71399, 21, 5497, 3000, 8790
71449, 21, 5497, 3000, 8699
71500, -8, 5551, 3000, 8789
71550, 79, 5391, 3000, 8789
71599, 50, 5444, 3000, 8790
71649, 21, 5497, 3000, 8834
71699, -8, 5551, 3000, 8789
71749, 21, 5497, 3000, 8919
71799, -8, 5551, 3000, 8789
71850, 21, 5497, 3000, 8790
71900, 21, 5497, 3000, 8789
71949, -8, 5551, 3000, 8790
71999, 79, 5391, 3000, 8833
72049, 21, 5497, 3000, 8698
72099, -8, 5551, 3000, 8789
72149, 50, 5444, 3000, 8788
72199, -39, 5607, 3000, 8789
72249, 21, 5497, 3000, 8788
72300, 21, 5497, 3000, 8698
72349, 50, 5444, 3000, 8833
72400, -8, 5551, 3000, 8788
72449, 21, 5497, 3000, 8789
72499, -39, 5607, 3000, 8699
72550, 21, 5497, 3000, 8789
72599, 21, 5497, 3000, 8789
72649, 79, 5391, 3000, 8790
72700, 21, 5497, 3000, 8834
72749, 21, 5497, 3000, 8789
72799, 106, 5340, 3000, 8876
72850, -8, 5551, 3000, 8654
72899, -8, 5551, 3000, 8789
72949, 79, 5391, 3000, 8876
73000, -39, 5721, 3000, 8699
73049, 50, 5444, 3000, 8834
73099, -8, 5551, 3000, 8789
73149, 21, 5497, 3000, 8789
73199, -8, 5551, 3000, 8698
73249, -39, 5607, 3000, 8834
73299, 21, 5497, 3000, 8834
73349, 50, 5444, 3000, 8789
73399, 21, 5497, 3000, 8789
73449, -8, 5551, 3000, 8789
73501, 21, 5497, 3000, 8790
73549, -39, 5607, 3000, 8790
73600, 79, 5391, 3000, 8835
73699, 21, 5497, 3000, 8790
73750, -8, 5551, 3000, 8700
73800, 21, 5497, 3000, 8790
73851, -8, 5551, 3000, 8790
73900, 21, 5497, 3000, 8835
73949, -8, 5551, 3000, 8789
74000, -8, 5551, 3000, 8789
74050, 50, 5444, 3000, 8789
74100, 21, 5497, 3000, 8790
74150, 50, 5444, 3000, 8834
74200, -69, 5664, 3000, 8789
74250, -8, 5551, 3000, 8789
74300, -8, 5551, 3000, 8789
74349, 21, 5497, 3000, 8790
74399, -8, 5551, 3000, 8789
74450, -8, 5551, 3000, 8790
74500, 21, 5497, 3000, 8789
74549, 21, 5497, 3000, 8790
74599, 50, 5444, 3000, 8699
74649, -8, 5551, 3000, 8789
74699, 21, 5497, 3000, 8789
74750, -39, 5607, 3000, 8789
74800, 106, 5340, 3000, 8789
74849, -39, 5607, 3000, 8654
74899, -8, 5551, 3000, 8834
74949, 50, 5444, 3000, 8789
74999, 79, 5391, 3000, 8877
75050, -8, 5551, 3000, 8699
75099, -39, 5607, 3000, 8789
75149, 21, 5497, 3000, 8876
75199, -8, 5551, 3000, 8789
75249, 21, 5497, 3000, 8790
75301, -39, 5607, 3000, 8790
75349, -8, 5551, 3000, 8834
75399, -39, 5607, 3000, 8699
75449, 21, 5497, 3000, 8789
75499, -39, 5607, 3000, 8699
75549, 21, 5497, 3000, 8789
75600, 50, 5444, 3000, 8834
75649, 50, 5444, 3000, 8789
75700, 21, 5497, 3000, 8789
75749, -39, 5607, 3000, 8790
75799, 21, 5497, 3000, 8877
75849, -8, 5551, 3000, 8790
75900, 79, 5391, 3000, 8790
75950, -39, 5607, 3000, 8790
75999, 50, 5444, 3000, 8789
76049, -69, 5664, 3000, 8790
76099, 21, 5497, 3000, 8877
76149, -39, 5607, 3000, 8790
76201, 50, 5444, 3000, 8835
76249, -39, 5607, 3000, 8700
76299, 50, 5444, 3000, 8790
76349, -39, 5607, 3000, 8790
76399, 21, 5497, 3000, 8834
76449, 21, 5497, 3000, 8789
76500, -39, 5607, 3000, 8790
76549, 106, 5340, 3000, 8876
76599, -8, 5551, 3000, 8789
76649, 21, 5497, 3000, 8834
76700, -8, 5551, 3000, 8788
76749, -8, 5551, 3000, 8789
76800, 50, 5444, 3000, 8789
76850, -39, 5607, 3000, 8789
76899, 21, 5497, 3000, 8834
76949, -8, 5551, 3000, 8834
76999, 50, 5444, 3000, 8789
77049, -8, 5551, 3000, 8699
77100, -8, 5551, 3000, 8835
77149, -8, 5551, 3000, 8789
77199, 21, 5497, 3000, 8877
77250, 21, 5497, 3000, 8699
77299, 21, 5497, 3000, 8789
77350, 21, 5497, 3000, 8876
77399, -8, 5551, 3000, 8789
77449, 50, 5444, 3000, 8877
77499, -8, 5551, 3000, 8699
77549, 21, 5497, 3000, 8877
77599, -8, 5551, 3000, 8789
77651, -8, 5551, 3000, 8789
77699, 21, 5497, 3000, 8789
77749, -39, 5607, 3000, 8789
77799, 50, 5444, 3000, 8834
77849, -8, 5551, 3000, 8789
77899, -8, 5551, 3000, 8790
77950, -39, 5607, 3000, 8699
77999, -8, 5551, 3000, 8834
78050, 50, 5444, 3000, 8789
78099, 21, 5497, 3000, 8789
78149, 50, 5444, 3000, 8834
78199, -8, 5551, 3000, 8789
78250, 50, 5444, 3000, 8834
78299, -8, 5551, 3000, 8654
78349, 21, 5497, 3000, 8834
78399, -8, 5551, 3000, 8789
78449, 21, 5497, 3000, 8919
78499, -8, 5551, 3000, 8789
78549, 21, 5497, 3000, 8790
78600, -39, 5607, 3000, 8790
78649, -8, 5551, 3000, 8835
78699, -8, 5551, 3000, 8699
78749, 21, 5497, 3000, 8877
78800, -8, 5551, 3000, 8789
78849, -8, 5551, 3000, 8790
78899, -8, 5551, 3000, 8789
78949, 21, 5497, 3000, 8790
78999, 21, 5497, 3000, 8790
79049, 50, 5444, 3000, 8790
79100, -8, 5551, 3000, 8790
79149, 21, 5497, 3000, 8790
79199, 21, 5497, 3000, 8790
79252, 21, 5497, 3000, 8789
79299, 50, 5444, 3000, 8834
79349, 50, 5444, 3000, 8789
79400, -8, 5551, 3000, 8789
79449, -39, 5607, 3000, 8790
79499, 21, 5497, 3000, 8789
79551, -39, 5607, 3000, 8699
79601, 21, 5497, 3000, 8789
79649, -8, 5551, 3000, 8789
79699, 21, 5497, 3000, 8789
79749, -39, 5497, 3000, 8699
79799, -39, 5497, 3000, 8699
79849, 21, 5497, 3000, 8789
79900, -8, 5551, 3000, 8789
79950, 50, 5444, 3000, 8788
